[
  {
    "icon": "fa fa-home",
    "slug": "external",
    "title": "Volver al inicio",
    "path": "index.html"
  }, 
  { 
    "id": 1,
    "icon": "fa fa-play-circle",
    "slug": "introduccion",
    "title": "Introducción",
    "breadcrumb": ["Inicio","Introducción"],
    "path": "pages/introduccion.html"  
  }, 
  { 
    "id": 1,
    "icon": "fa fa-play-circle",
    "slug": "Ecologia",
    "title": "1. Negocios verdes",
    "breadcrumb": ["Inicio","Introducción"],
    "path": "pages/1-tema.html"
  },
  { 
    "id": 1,
    "icon": "fa fa-file-text",
    "slug": "Medio_ambiente",
    "title": "2. Programas Regionales de Negocios Verdes(PRNV)",
    "breadcrumb": ["Inicio","Introducción"],
    "path": "pages/2-tema.html"
  },
  { 
    "id": 1,
    "icon": "fa fa-file-text",
    "slug": "Plan_de_manejo_ambiental",
    "title": "3. Herramientas para la promoción de Negocios Verdes en Colombia",
    "breadcrumb": ["Inicio","Introducción"],
    "path": "pages/3-tema.html"
  }
]